Exam_Question,Exam_Id,Question_Id
1,1,6
2,1,7
3,1,8
4,1,9
5,1,10
6,1,11
7,1,12
8,1,13
9,1,14
10,1,15
11,1,1
12,1,2
13,1,3
14,1,4
15,1,5
16,2,6
17,2,7
18,2,8
19,2,9
20,2,10
21,2,11
22,2,12
23,2,13
24,2,14
25,2,15
26,2,1
27,2,2
28,2,3
29,2,4
30,2,5
31,3,21
32,3,22
33,3,23
34,3,24
35,3,25
36,3,26
37,3,27
38,3,28
39,3,29
40,3,30
41,3,16
42,3,17
43,3,18
44,3,19
45,3,20
46,4,21
47,4,22
48,4,23
49,4,24
50,4,25
51,4,26
52,4,27
53,4,28
54,4,29
55,4,30
56,4,16
57,4,17
58,4,18
59,4,19
60,4,20
61,5,36
62,5,37
63,5,38
64,5,39
65,5,40
66,5,41
67,5,42
68,5,43
69,5,44
70,5,45
71,5,31
72,5,32
73,5,33
74,5,34
75,5,35
76,6,36
77,6,37
78,6,38
79,6,39
80,6,40
81,6,41
82,6,42
83,6,43
84,6,44
85,6,45
86,6,31
87,6,32
88,6,33
89,6,34
90,6,35
91,7,51
92,7,52
93,7,53
94,7,54
95,7,55
96,7,56
97,7,57
98,7,58
99,7,59
100,7,60
101,7,46
102,7,47
103,7,48
104,7,49
105,7,50
106,8,51
107,8,52
108,8,53
109,8,54
110,8,55
111,8,56
112,8,57
113,8,58
114,8,59
115,8,60
116,8,46
117,8,47
118,8,48
119,8,49
120,8,50
121,9,66
122,9,67
123,9,68
124,9,69
125,9,70
126,9,71
127,9,72
128,9,73
129,9,74
130,9,75
131,9,61
132,9,62
133,9,63
134,9,64
135,9,65
136,10,66
137,10,67
138,10,68
139,10,69
140,10,70
141,10,71
142,10,72
143,10,73
144,10,74
145,10,75
146,10,61
147,10,62
148,10,63
149,10,64
150,10,65
151,11,81
152,11,82
153,11,83
154,11,84
155,11,85
156,11,86
157,11,87
158,11,88
159,11,89
160,11,90
161,11,76
162,11,77
163,11,78
164,11,79
165,11,80
166,12,81
167,12,82
168,12,83
169,12,84
170,12,85
171,12,86
172,12,87
173,12,88
174,12,89
175,12,90
176,12,76
177,12,77
178,12,78
179,12,79
180,12,80
181,13,96
182,13,97
183,13,98
184,13,99
185,13,100
186,13,101
187,13,102
188,13,103
189,13,104
190,13,105
191,13,91
192,13,92
193,13,93
194,13,94
195,13,95
196,14,96
197,14,97
198,14,98
199,14,99
200,14,100
201,14,101
202,14,102
203,14,103
204,14,104
205,14,105
206,14,91
207,14,92
208,14,93
209,14,94
210,14,95
211,15,111
212,15,112
213,15,113
214,15,114
215,15,115
216,15,116
217,15,117
218,15,118
219,15,119
220,15,120
221,15,106
222,15,107
223,15,108
224,15,109
225,15,110
226,16,111
227,16,112
228,16,113
229,16,114
230,16,115
231,16,116
232,16,117
233,16,118
234,16,119
235,16,120
236,16,106
237,16,107
238,16,108
239,16,109
240,16,110
241,17,126
242,17,127
243,17,128
244,17,129
245,17,130
246,17,131
247,17,132
248,17,133
249,17,134
250,17,135
251,17,121
252,17,122
253,17,123
254,17,124
255,17,125
256,18,126
257,18,127
258,18,128
259,18,129
260,18,130
261,18,131
262,18,132
263,18,133
264,18,134
265,18,135
266,18,121
267,18,122
268,18,123
269,18,124
270,18,125
271,19,141
272,19,142
273,19,143
274,19,144
275,19,145
276,19,146
277,19,147
278,19,148
279,19,149
280,19,150
281,19,136
282,19,137
283,19,138
284,19,139
285,19,140
286,20,141
287,20,142
288,20,143
289,20,144
290,20,145
291,20,146
292,20,147
293,20,148
294,20,149
295,20,150
296,20,136
297,20,137
298,20,138
299,20,139
300,20,140
301,21,156
302,21,157
303,21,158
304,21,159
305,21,160
306,21,161
307,21,162
308,21,163
309,21,164
310,21,165
311,21,151
312,21,152
313,21,153
314,21,154
315,21,155
316,22,156
317,22,157
318,22,158
319,22,159
320,22,160
321,22,161
322,22,162
323,22,163
324,22,164
325,22,165
326,22,151
327,22,152
328,22,153
329,22,154
330,22,155
331,23,171
332,23,172
333,23,173
334,23,174
335,23,175
336,23,176
337,23,177
338,23,178
339,23,179
340,23,180
341,23,166
342,23,167
343,23,168
344,23,169
345,23,170
346,24,171
347,24,172
348,24,173
349,24,174
350,24,175
351,24,176
352,24,177
353,24,178
354,24,179
355,24,180
356,24,166
357,24,167
358,24,168
359,24,169
360,24,170
361,25,186
362,25,187
363,25,188
364,25,189
365,25,190
366,25,191
367,25,192
368,25,193
369,25,194
370,25,195
371,25,181
372,25,182
373,25,183
374,25,184
375,25,185
376,26,186
377,26,187
378,26,188
379,26,189
380,26,190
381,26,191
382,26,192
383,26,193
384,26,194
385,26,195
386,26,181
387,26,182
388,26,183
389,26,184
390,26,185
391,27,201
392,27,202
393,27,203
394,27,204
395,27,205
396,27,206
397,27,207
398,27,208
399,27,209
400,27,210
401,27,196
402,27,197
403,27,198
404,27,199
405,27,200
406,28,201
407,28,202
408,28,203
409,28,204
410,28,205
411,28,206
412,28,207
413,28,208
414,28,209
415,28,210
416,28,196
417,28,197
418,28,198
419,28,199
420,28,200
421,29,216
422,29,217
423,29,218
424,29,219
425,29,220
426,29,221
427,29,222
428,29,223
429,29,224
430,29,225
431,29,211
432,29,212
433,29,213
434,29,214
435,29,215
436,30,216
437,30,217
438,30,218
439,30,219
440,30,220
441,30,221
442,30,222
443,30,223
444,30,224
445,30,225
446,30,211
447,30,212
448,30,213
449,30,214
450,30,215
451,31,231
452,31,232
453,31,233
454,31,234
455,31,235
456,31,236
457,31,237
458,31,238
459,31,239
460,31,240
461,31,226
462,31,227
463,31,228
464,31,229
465,31,230
466,32,231
467,32,232
468,32,233
469,32,234
470,32,235
471,32,236
472,32,237
473,32,238
474,32,239
475,32,240
476,32,226
477,32,227
478,32,228
479,32,229
480,32,230
481,33,246
482,33,247
483,33,248
484,33,249
485,33,250
486,33,251
487,33,252
488,33,253
489,33,254
490,33,255
491,33,241
492,33,242
493,33,243
494,33,244
495,33,245
496,34,246
497,34,247
498,34,248
499,34,249
500,34,250
501,34,251
502,34,252
503,34,253
504,34,254
505,34,255
506,34,241
507,34,242
508,34,243
509,34,244
510,34,245
511,35,261
512,35,262
513,35,263
514,35,264
515,35,265
516,35,266
517,35,267
518,35,268
519,35,269
520,35,270
521,35,256
522,35,257
523,35,258
524,35,259
525,35,260
526,36,261
527,36,262
528,36,263
529,36,264
530,36,265
531,36,266
532,36,267
533,36,268
534,36,269
535,36,270
536,36,256
537,36,257
538,36,258
539,36,259
540,36,260
541,37,276
542,37,277
543,37,278
544,37,279
545,37,280
546,37,281
547,37,282
548,37,283
549,37,284
550,37,285
551,37,271
552,37,272
553,37,273
554,37,274
555,37,275
556,38,276
557,38,277
558,38,278
559,38,279
560,38,280
561,38,281
562,38,282
563,38,283
564,38,284
565,38,285
566,38,271
567,38,272
568,38,273
569,38,274
570,38,275
571,39,291
572,39,292
573,39,293
574,39,294
575,39,295
576,39,296
577,39,297
578,39,298
579,39,299
580,39,300
581,39,286
582,39,287
583,39,288
584,39,289
585,39,290
586,40,291
587,40,292
588,40,293
589,40,294
590,40,295
591,40,296
592,40,297
593,40,298
594,40,299
595,40,300
596,40,286
597,40,287
598,40,288
599,40,289
600,40,290
601,41,306
602,41,307
603,41,308
604,41,309
605,41,310
606,41,311
607,41,312
608,41,313
609,41,314
610,41,315
611,41,301
612,41,302
613,41,303
614,41,304
615,41,305
616,42,306
617,42,307
618,42,308
619,42,309
620,42,310
621,42,311
622,42,312
623,42,313
624,42,314
625,42,315
626,42,301
627,42,302
628,42,303
629,42,304
630,42,305
631,43,321
632,43,322
633,43,323
634,43,324
635,43,325
636,43,326
637,43,327
638,43,328
639,43,329
640,43,330
641,43,316
642,43,317
643,43,318
644,43,319
645,43,320
646,44,321
647,44,322
648,44,323
649,44,324
650,44,325
651,44,326
652,44,327
653,44,328
654,44,329
655,44,330
656,44,316
657,44,317
658,44,318
659,44,319
660,44,320
661,45,336
662,45,337
663,45,338
664,45,339
665,45,340
666,45,341
667,45,342
668,45,343
669,45,344
670,45,345
671,45,331
672,45,332
673,45,333
674,45,334
675,45,335
676,46,336
677,46,337
678,46,338
679,46,339
680,46,340
681,46,341
682,46,342
683,46,343
684,46,344
685,46,345
686,46,331
687,46,332
688,46,333
689,46,334
690,46,335
691,47,351
692,47,352
693,47,353
694,47,354
695,47,355
696,47,356
697,47,357
698,47,358
699,47,359
700,47,360
701,47,346
702,47,347
703,47,348
704,47,349
705,47,350
706,48,351
707,48,352
708,48,353
709,48,354
710,48,355
711,48,356
712,48,357
713,48,358
714,48,359
715,48,360
716,48,346
717,48,347
718,48,348
719,48,349
720,48,350
721,49,366
722,49,367
723,49,368
724,49,369
725,49,370
726,49,371
727,49,372
728,49,373
729,49,374
730,49,375
731,49,361
732,49,362
733,49,363
734,49,364
735,49,365
736,50,366
737,50,367
738,50,368
739,50,369
740,50,370
741,50,371
742,50,372
743,50,373
744,50,374
745,50,375
746,50,361
747,50,362
748,50,363
749,50,364
750,50,365
751,51,381
752,51,382
753,51,383
754,51,384
755,51,385
756,51,386
757,51,387
758,51,388
759,51,389
760,51,390
761,51,376
762,51,377
763,51,378
764,51,379
765,51,380
766,52,381
767,52,382
768,52,383
769,52,384
770,52,385
771,52,386
772,52,387
773,52,388
774,52,389
775,52,390
776,52,376
777,52,377
778,52,378
779,52,379
780,52,380
781,53,396
782,53,397
783,53,398
784,53,399
785,53,400
786,53,401
787,53,402
788,53,403
789,53,404
790,53,405
791,53,391
792,53,392
793,53,393
794,53,394
795,53,395
796,54,396
797,54,397
798,54,398
799,54,399
800,54,400
801,54,401
802,54,402
803,54,403
804,54,404
805,54,405
806,54,391
807,54,392
808,54,393
809,54,394
810,54,395
811,55,411
812,55,412
813,55,413
814,55,414
815,55,415
816,55,416
817,55,417
818,55,418
819,55,419
820,55,420
821,55,406
822,55,407
823,55,408
824,55,409
825,55,410
826,56,411
827,56,412
828,56,413
829,56,414
830,56,415
831,56,416
832,56,417
833,56,418
834,56,419
835,56,420
836,56,406
837,56,407
838,56,408
839,56,409
840,56,410
841,57,426
842,57,427
843,57,428
844,57,429
845,57,430
846,57,431
847,57,432
848,57,433
849,57,434
850,57,435
851,57,421
852,57,422
853,57,423
854,57,424
855,57,425
856,58,426
857,58,427
858,58,428
859,58,429
860,58,430
861,58,431
862,58,432
863,58,433
864,58,434
865,58,435
866,58,421
867,58,422
868,58,423
869,58,424
870,58,425
871,59,441
872,59,442
873,59,443
874,59,444
875,59,445
876,59,446
877,59,447
878,59,448
879,59,449
880,59,450
881,59,436
882,59,437
883,59,438
884,59,439
885,59,440
886,60,441
887,60,442
888,60,443
889,60,444
890,60,445
891,60,446
892,60,447
893,60,448
894,60,449
895,60,450
896,60,436
897,60,437
898,60,438
899,60,439
900,60,440
901,61,456
902,61,457
903,61,458
904,61,459
905,61,460
906,61,461
907,61,462
908,61,463
909,61,464
910,61,465
911,61,451
912,61,452
913,61,453
914,61,454
915,61,455
916,62,456
917,62,457
918,62,458
919,62,459
920,62,460
921,62,461
922,62,462
923,62,463
924,62,464
925,62,465
926,62,451
927,62,452
928,62,453
929,62,454
930,62,455
931,63,471
932,63,472
933,63,473
934,63,474
935,63,475
936,63,476
937,63,477
938,63,478
939,63,479
940,63,480
941,63,466
942,63,467
943,63,468
944,63,469
945,63,470
946,64,471
947,64,472
948,64,473
949,64,474
950,64,475
951,64,476
952,64,477
953,64,478
954,64,479
955,64,480
956,64,466
957,64,467
958,64,468
959,64,469
960,64,470
961,65,486
962,65,487
963,65,488
964,65,489
965,65,490
966,65,491
967,65,492
968,65,493
969,65,494
970,65,495
971,65,481
972,65,482
973,65,483
974,65,484
975,65,485
976,66,486
977,66,487
978,66,488
979,66,489
980,66,490
981,66,491
982,66,492
983,66,493
984,66,494
985,66,495
986,66,481
987,66,482
988,66,483
989,66,484
990,66,485
991,67,501
992,67,502
993,67,503
994,67,504
995,67,505
996,67,506
997,67,507
998,67,508
999,67,509
1000,67,510
1001,67,496
1002,67,497
1003,67,498
1004,67,499
1005,67,500
1006,68,501
1007,68,502
1008,68,503
1009,68,504
1010,68,505
1011,68,506
1012,68,507
1013,68,508
1014,68,509
1015,68,510
1016,68,496
1017,68,497
1018,68,498
1019,68,499
1020,68,500
1021,69,516
1022,69,517
1023,69,518
1024,69,519
1025,69,520
1026,69,521
1027,69,522
1028,69,523
1029,69,524
1030,69,525
1031,69,511
1032,69,512
1033,69,513
1034,69,514
1035,69,515
1036,70,516
1037,70,517
1038,70,518
1039,70,519
1040,70,520
1041,70,521
1042,70,522
1043,70,523
1044,70,524
1045,70,525
1046,70,511
1047,70,512
1048,70,513
1049,70,514
1050,70,515
1051,71,531
1052,71,532
1053,71,533
1054,71,534
1055,71,535
1056,71,536
1057,71,537
1058,71,538
1059,71,539
1060,71,540
1061,71,526
1062,71,527
1063,71,528
1064,71,529
1065,71,530
1066,72,531
1067,72,532
1068,72,533
1069,72,534
1070,72,535
1071,72,536
1072,72,537
1073,72,538
1074,72,539
1075,72,540
1076,72,526
1077,72,527
1078,72,528
1079,72,529
1080,72,530
1081,73,546
1082,73,547
1083,73,548
1084,73,549
1085,73,550
1086,73,551
1087,73,552
1088,73,553
1089,73,554
1090,73,555
1091,73,541
1092,73,542
1093,73,543
1094,73,544
1095,73,545
1096,74,546
1097,74,547
1098,74,548
1099,74,549
1100,74,550
1101,74,551
1102,74,552
1103,74,553
1104,74,554
1105,74,555
1106,74,541
1107,74,542
1108,74,543
1109,74,544
1110,74,545
1111,75,561
1112,75,562
1113,75,563
1114,75,564
1115,75,565
1116,75,566
1117,75,567
1118,75,568
1119,75,569
1120,75,570
1121,75,556
1122,75,557
1123,75,558
1124,75,559
1125,75,560
1126,76,561
1127,76,562
1128,76,563
1129,76,564
1130,76,565
1131,76,566
1132,76,567
1133,76,568
1134,76,569
1135,76,570
1136,76,556
1137,76,557
1138,76,558
1139,76,559
1140,76,560
1141,77,576
1142,77,577
1143,77,578
1144,77,579
1145,77,580
1146,77,581
1147,77,582
1148,77,583
1149,77,584
1150,77,585
1151,77,571
1152,77,572
1153,77,573
1154,77,574
1155,77,575
1156,78,576
1157,78,577
1158,78,578
1159,78,579
1160,78,580
1161,78,581
1162,78,582
1163,78,583
1164,78,584
1165,78,585
1166,78,571
1167,78,572
1168,78,573
1169,78,574
1170,78,575
1171,79,591
1172,79,592
1173,79,593
1174,79,594
1175,79,595
1176,79,596
1177,79,597
1178,79,598
1179,79,599
1180,79,600
1181,79,586
1182,79,587
1183,79,588
1184,79,589
1185,79,590
1186,80,591
1187,80,592
1188,80,593
1189,80,594
1190,80,595
1191,80,596
1192,80,597
1193,80,598
1194,80,599
1195,80,600
1196,80,586
1197,80,587
1198,80,588
1199,80,589
1200,80,590
1201,81,606
1202,81,607
1203,81,608
1204,81,609
1205,81,610
1206,81,611
1207,81,612
1208,81,613
1209,81,614
1210,81,615
1211,81,601
1212,81,602
1213,81,603
1214,81,604
1215,81,605
1216,82,606
1217,82,607
1218,82,608
1219,82,609
1220,82,610
1221,82,611
1222,82,612
1223,82,613
1224,82,614
1225,82,615
1226,82,601
1227,82,602
1228,82,603
1229,82,604
1230,82,605
1231,83,621
1232,83,622
1233,83,623
1234,83,624
1235,83,625
1236,83,626
1237,83,627
1238,83,628
1239,83,629
1240,83,630
1241,83,616
1242,83,617
1243,83,618
1244,83,619
1245,83,620
1246,84,621
1247,84,622
1248,84,623
1249,84,624
1250,84,625
1251,84,626
1252,84,627
1253,84,628
1254,84,629
1255,84,630
1256,84,616
1257,84,617
1258,84,618
1259,84,619
1260,84,620
1261,85,636
1262,85,637
1263,85,638
1264,85,639
1265,85,640
1266,85,641
1267,85,642
1268,85,643
1269,85,644
1270,85,645
1271,85,631
1272,85,632
1273,85,633
1274,85,634
1275,85,635
1276,86,636
1277,86,637
1278,86,638
1279,86,639
1280,86,640
1281,86,641
1282,86,642
1283,86,643
1284,86,644
1285,86,645
1286,86,631
1287,86,632
1288,86,633
1289,86,634
1290,86,635
1291,87,651
1292,87,652
1293,87,653
1294,87,654
1295,87,655
1296,87,656
1297,87,657
1298,87,658
1299,87,659
1300,87,660
1301,87,646
1302,87,647
1303,87,648
1304,87,649
1305,87,650
1306,88,651
1307,88,652
1308,88,653
1309,88,654
1310,88,655
1311,88,656
1312,88,657
1313,88,658
1314,88,659
1315,88,660
1316,88,646
1317,88,647
1318,88,648
1319,88,649
1320,88,650
1321,89,666
1322,89,667
1323,89,668
1324,89,669
1325,89,670
1326,89,671
1327,89,672
1328,89,673
1329,89,674
1330,89,675
1331,89,661
1332,89,662
1333,89,663
1334,89,664
1335,89,665
1336,90,666
1337,90,667
1338,90,668
1339,90,669
1340,90,670
1341,90,671
1342,90,672
1343,90,673
1344,90,674
1345,90,675
1346,90,661
1347,90,662
1348,90,663
1349,90,664
1350,90,665
1351,91,681
1352,91,682
1353,91,683
1354,91,684
1355,91,685
1356,91,686
1357,91,687
1358,91,688
1359,91,689
1360,91,690
1361,91,676
1362,91,677
1363,91,678
1364,91,679
1365,91,680
1366,92,681
1367,92,682
1368,92,683
1369,92,684
1370,92,685
1371,92,686
1372,92,687
1373,92,688
1374,92,689
1375,92,690
1376,92,676
1377,92,677
1378,92,678
1379,92,679
1380,92,680
1381,93,696
1382,93,697
1383,93,698
1384,93,699
1385,93,700
1386,93,701
1387,93,702
1388,93,703
1389,93,704
1390,93,705
1391,93,691
1392,93,692
1393,93,693
1394,93,694
1395,93,695
1396,94,696
1397,94,697
1398,94,698
1399,94,699
1400,94,700
1401,94,701
1402,94,702
1403,94,703
1404,94,704
1405,94,705
1406,94,691
1407,94,692
1408,94,693
1409,94,694
1410,94,695
1411,95,711
1412,95,712
1413,95,713
1414,95,714
1415,95,715
1416,95,716
1417,95,717
1418,95,718
1419,95,719
1420,95,720
1421,95,706
1422,95,707
1423,95,708
1424,95,709
1425,95,710
1426,96,711
1427,96,712
1428,96,713
1429,96,714
1430,96,715
1431,96,716
1432,96,717
1433,96,718
1434,96,719
1435,96,720
1436,96,706
1437,96,707
1438,96,708
1439,96,709
1440,96,710
1441,97,726
1442,97,727
1443,97,728
1444,97,729
1445,97,730
1446,97,731
1447,97,732
1448,97,733
1449,97,734
1450,97,735
1451,97,721
1452,97,722
1453,97,723
1454,97,724
1455,97,725
1456,98,726
1457,98,727
1458,98,728
1459,98,729
1460,98,730
1461,98,731
1462,98,732
1463,98,733
1464,98,734
1465,98,735
1466,98,721
1467,98,722
1468,98,723
1469,98,724
1470,98,725
1471,99,741
1472,99,742
1473,99,743
1474,99,744
1475,99,745
1476,99,746
1477,99,747
1478,99,748
1479,99,749
1480,99,750
1481,99,736
1482,99,737
1483,99,738
1484,99,739
1485,99,740
1486,100,741
1487,100,742
1488,100,743
1489,100,744
1490,100,745
1491,100,746
1492,100,747
1493,100,748
1494,100,749
1495,100,750
1496,100,736
1497,100,737
1498,100,738
1499,100,739
1500,100,740
1501,101,756
1502,101,757
1503,101,758
1504,101,759
1505,101,760
1506,101,761
1507,101,762
1508,101,763
1509,101,764
1510,101,765
1511,101,751
1512,101,752
1513,101,753
1514,101,754
1515,101,755
1516,102,756
1517,102,757
1518,102,758
1519,102,759
1520,102,760
1521,102,761
1522,102,762
1523,102,763
1524,102,764
1525,102,765
1526,102,751
1527,102,752
1528,102,753
1529,102,754
1530,102,755
1531,103,771
1532,103,772
1533,103,773
1534,103,774
1535,103,775
1536,103,776
1537,103,777
1538,103,778
1539,103,779
1540,103,780
1541,103,766
1542,103,767
1543,103,768
1544,103,769
1545,103,770
1546,104,771
1547,104,772
1548,104,773
1549,104,774
1550,104,775
1551,104,776
1552,104,777
1553,104,778
1554,104,779
1555,104,780
1556,104,766
1557,104,767
1558,104,768
1559,104,769
1560,104,770
1561,105,786
1562,105,787
1563,105,788
1564,105,789
1565,105,790
1566,105,791
1567,105,792
1568,105,793
1569,105,794
1570,105,795
1571,105,781
1572,105,782
1573,105,783
1574,105,784
1575,105,785
1576,106,786
1577,106,787
1578,106,788
1579,106,789
1580,106,790
1581,106,791
1582,106,792
1583,106,793
1584,106,794
1585,106,795
1586,106,781
1587,106,782
1588,106,783
1589,106,784
1590,106,785
1591,107,801
1592,107,802
1593,107,803
1594,107,804
1595,107,805
1596,107,806
1597,107,807
1598,107,808
1599,107,809
1600,107,810
1601,107,796
1602,107,797
1603,107,798
1604,107,799
1605,107,800
1606,108,801
1607,108,802
1608,108,803
1609,108,804
1610,108,805
1611,108,806
1612,108,807
1613,108,808
1614,108,809
1615,108,810
1616,108,796
1617,108,797
1618,108,798
1619,108,799
1620,108,800
1621,109,816
1622,109,817
1623,109,818
1624,109,819
1625,109,820
1626,109,821
1627,109,822
1628,109,823
1629,109,824
1630,109,825
1631,109,811
1632,109,812
1633,109,813
1634,109,814
1635,109,815
1636,110,816
1637,110,817
1638,110,818
1639,110,819
1640,110,820
1641,110,821
1642,110,822
1643,110,823
1644,110,824
1645,110,825
1646,110,811
1647,110,812
1648,110,813
1649,110,814
1650,110,815
1651,111,831
1652,111,832
1653,111,833
1654,111,834
1655,111,835
1656,111,836
1657,111,837
1658,111,838
1659,111,839
1660,111,840
1661,111,826
1662,111,827
1663,111,828
1664,111,829
1665,111,830
1666,112,831
1667,112,832
1668,112,833
1669,112,834
1670,112,835
1671,112,836
1672,112,837
1673,112,838
1674,112,839
1675,112,840
1676,112,826
1677,112,827
1678,112,828
1679,112,829
1680,112,830
1681,113,846
1682,113,847
1683,113,848
1684,113,849
1685,113,850
1686,113,851
1687,113,852
1688,113,853
1689,113,854
1690,113,855
1691,113,841
1692,113,842
1693,113,843
1694,113,844
1695,113,845
1696,114,846
1697,114,847
1698,114,848
1699,114,849
1700,114,850
1701,114,851
1702,114,852
1703,114,853
1704,114,854
1705,114,855
1706,114,841
1707,114,842
1708,114,843
1709,114,844
1710,114,845
1711,115,861
1712,115,862
1713,115,863
1714,115,864
1715,115,865
1716,115,866
1717,115,867
1718,115,868
1719,115,869
1720,115,870
1721,115,856
1722,115,857
1723,115,858
1724,115,859
1725,115,860
1726,116,861
1727,116,862
1728,116,863
1729,116,864
1730,116,865
1731,116,866
1732,116,867
1733,116,868
1734,116,869
1735,116,870
1736,116,856
1737,116,857
1738,116,858
1739,116,859
1740,116,860
1741,117,876
1742,117,877
1743,117,878
1744,117,879
1745,117,880
1746,117,881
1747,117,882
1748,117,883
1749,117,884
1750,117,885
1751,117,871
1752,117,872
1753,117,873
1754,117,874
1755,117,875
1756,118,876
1757,118,877
1758,118,878
1759,118,879
1760,118,880
1761,118,881
1762,118,882
1763,118,883
1764,118,884
1765,118,885
1766,118,871
1767,118,872
1768,118,873
1769,118,874
1770,118,875
1771,119,891
1772,119,892
1773,119,893
1774,119,894
1775,119,895
1776,119,896
1777,119,897
1778,119,898
1779,119,899
1780,119,900
1781,119,886
1782,119,887
1783,119,888
1784,119,889
1785,119,890
1786,120,891
1787,120,892
1788,120,893
1789,120,894
1790,120,895
1791,120,896
1792,120,897
1793,120,898
1794,120,899
1795,120,900
1796,120,886
1797,120,887
1798,120,888
1799,120,889
1800,120,890
1801,121,906
1802,121,907
1803,121,908
1804,121,909
1805,121,910
1806,121,911
1807,121,912
1808,121,913
1809,121,914
1810,121,915
1811,121,901
1812,121,902
1813,121,903
1814,121,904
1815,121,905
1816,122,906
1817,122,907
1818,122,908
1819,122,909
1820,122,910
1821,122,911
1822,122,912
1823,122,913
1824,122,914
1825,122,915
1826,122,901
1827,122,902
1828,122,903
1829,122,904
1830,122,905
1831,123,921
1832,123,922
1833,123,923
1834,123,924
1835,123,925
1836,123,926
1837,123,927
1838,123,928
1839,123,929
1840,123,930
1841,123,916
1842,123,917
1843,123,918
1844,123,919
1845,123,920
1846,124,921
1847,124,922
1848,124,923
1849,124,924
1850,124,925
1851,124,926
1852,124,927
1853,124,928
1854,124,929
1855,124,930
1856,124,916
1857,124,917
1858,124,918
1859,124,919
1860,124,920
1861,125,936
1862,125,937
1863,125,938
1864,125,939
1865,125,940
1866,125,941
1867,125,942
1868,125,943
1869,125,944
1870,125,945
1871,125,931
1872,125,932
1873,125,933
1874,125,934
1875,125,935
1876,126,936
1877,126,937
1878,126,938
1879,126,939
1880,126,940
1881,126,941
1882,126,942
1883,126,943
1884,126,944
1885,126,945
1886,126,931
1887,126,932
1888,126,933
1889,126,934
1890,126,935
1891,127,951
1892,127,952
1893,127,953
1894,127,954
1895,127,955
1896,127,956
1897,127,957
1898,127,958
1899,127,959
1900,127,960
1901,127,946
1902,127,947
1903,127,948
1904,127,949
1905,127,950
1906,128,951
1907,128,952
1908,128,953
1909,128,954
1910,128,955
1911,128,956
1912,128,957
1913,128,958
1914,128,959
1915,128,960
1916,128,946
1917,128,947
1918,128,948
1919,128,949
1920,128,950
1921,129,966
1922,129,967
1923,129,968
1924,129,969
1925,129,970
1926,129,971
1927,129,972
1928,129,973
1929,129,974
1930,129,975
1931,129,961
1932,129,962
1933,129,963
1934,129,964
1935,129,965
1936,130,966
1937,130,967
1938,130,968
1939,130,969
1940,130,970
1941,130,971
1942,130,972
1943,130,973
1944,130,974
1945,130,975
1946,130,961
1947,130,962
1948,130,963
1949,130,964
1950,130,965
1951,131,981
1952,131,982
1953,131,983
1954,131,984
1955,131,985
1956,131,986
1957,131,987
1958,131,988
1959,131,989
1960,131,990
1961,131,976
1962,131,977
1963,131,978
1964,131,979
1965,131,980
1966,132,981
1967,132,982
1968,132,983
1969,132,984
1970,132,985
1971,132,986
1972,132,987
1973,132,988
1974,132,989
1975,132,990
1976,132,976
1977,132,977
1978,132,978
1979,132,979
1980,132,980
1981,133,996
1982,133,997
1983,133,998
1984,133,999
1985,133,1000
1986,133,1001
1987,133,1002
1988,133,1003
1989,133,1004
1990,133,1005
1991,133,991
1992,133,992
1993,133,993
1994,133,994
1995,133,995
1996,134,996
1997,134,997
1998,134,998
1999,134,999
2000,134,1000
2001,134,1001
2002,134,1002
2003,134,1003
2004,134,1004
2005,134,1005
2006,134,991
2007,134,992
2008,134,993
2009,134,994
2010,134,995
2011,135,1011
2012,135,1012
2013,135,1013
2014,135,1014
2015,135,1015
2016,135,1016
2017,135,1017
2018,135,1018
2019,135,1019
2020,135,1020
2021,135,1006
2022,135,1007
2023,135,1008
2024,135,1009
2025,135,1010
2026,136,1011
2027,136,1012
2028,136,1013
2029,136,1014
2030,136,1015
2031,136,1016
2032,136,1017
2033,136,1018
2034,136,1019
2035,136,1020
2036,136,1006
2037,136,1007
2038,136,1008
2039,136,1009
2040,136,1010
2041,137,1026
2042,137,1027
2043,137,1028
2044,137,1029
2045,137,1030
2046,137,1031
2047,137,1032
2048,137,1033
2049,137,1034
2050,137,1035
2051,137,1021
2052,137,1022
2053,137,1023
2054,137,1024
2055,137,1025
2056,138,1026
2057,138,1027
2058,138,1028
2059,138,1029
2060,138,1030
2061,138,1031
2062,138,1032
2063,138,1033
2064,138,1034
2065,138,1035
2066,138,1021
2067,138,1022
2068,138,1023
2069,138,1024
2070,138,1025
2071,139,1041
2072,139,1042
2073,139,1043
2074,139,1044
2075,139,1045
2076,139,1046
2077,139,1047
2078,139,1048
2079,139,1049
2080,139,1050
2081,139,1036
2082,139,1037
2083,139,1038
2084,139,1039
2085,139,1040
2086,140,1041
2087,140,1042
2088,140,1043
2089,140,1044
2090,140,1045
2091,140,1046
2092,140,1047
2093,140,1048
2094,140,1049
2095,140,1050
2096,140,1036
2097,140,1037
2098,140,1038
2099,140,1039
2100,140,1040
2101,141,1056
2102,141,1057
2103,141,1058
2104,141,1059
2105,141,1060
2106,141,1061
2107,141,1062
2108,141,1063
2109,141,1064
2110,141,1065
2111,141,1051
2112,141,1052
2113,141,1053
2114,141,1054
2115,141,1055
2116,142,1056
2117,142,1057
2118,142,1058
2119,142,1059
2120,142,1060
2121,142,1061
2122,142,1062
2123,142,1063
2124,142,1064
2125,142,1065
2126,142,1051
2127,142,1052
2128,142,1053
2129,142,1054
2130,142,1055
2131,143,1071
2132,143,1072
2133,143,1073
2134,143,1074
2135,143,1075
2136,143,1076
2137,143,1077
2138,143,1078
2139,143,1079
2140,143,1080
2141,143,1066
2142,143,1067
2143,143,1068
2144,143,1069
2145,143,1070
2146,144,1071
2147,144,1072
2148,144,1073
2149,144,1074
2150,144,1075
2151,144,1076
2152,144,1077
2153,144,1078
2154,144,1079
2155,144,1080
2156,144,1066
2157,144,1067
2158,144,1068
2159,144,1069
2160,144,1070
2161,145,1086
2162,145,1087
2163,145,1088
2164,145,1089
2165,145,1090
2166,145,1091
2167,145,1092
2168,145,1093
2169,145,1094
2170,145,1095
2171,145,1081
2172,145,1082
2173,145,1083
2174,145,1084
2175,145,1085
2176,146,1086
2177,146,1087
2178,146,1088
2179,146,1089
2180,146,1090
2181,146,1091
2182,146,1092
2183,146,1093
2184,146,1094
2185,146,1095
2186,146,1081
2187,146,1082
2188,146,1083
2189,146,1084
2190,146,1085
2191,147,1101
2192,147,1102
2193,147,1103
2194,147,1104
2195,147,1105
2196,147,1106
2197,147,1107
2198,147,1108
2199,147,1109
2200,147,1110
2201,147,1096
2202,147,1097
2203,147,1098
2204,147,1099
2205,147,1100
2206,148,1101
2207,148,1102
2208,148,1103
2209,148,1104
2210,148,1105
2211,148,1106
2212,148,1107
2213,148,1108
2214,148,1109
2215,148,1110
2216,148,1096
2217,148,1097
2218,148,1098
2219,148,1099
2220,148,1100
2221,149,1116
2222,149,1117
2223,149,1118
2224,149,1119
2225,149,1120
2226,149,1121
2227,149,1122
2228,149,1123
2229,149,1124
2230,149,1125
2231,149,1111
2232,149,1112
2233,149,1113
2234,149,1114
2235,149,1115
2236,150,1116
2237,150,1117
2238,150,1118
2239,150,1119
2240,150,1120
2241,150,1121
2242,150,1122
2243,150,1123
2244,150,1124
2245,150,1125
2246,150,1111
2247,150,1112
2248,150,1113
2249,150,1114
2250,150,1115
2251,151,1131
2252,151,1132
2253,151,1133
2254,151,1134
2255,151,1135
2256,151,1136
2257,151,1137
2258,151,1138
2259,151,1139
2260,151,1140
2261,151,1126
2262,151,1127
2263,151,1128
2264,151,1129
2265,151,1130
2266,152,1131
2267,152,1132
2268,152,1133
2269,152,1134
2270,152,1135
2271,152,1136
2272,152,1137
2273,152,1138
2274,152,1139
2275,152,1140
2276,152,1126
2277,152,1127
2278,152,1128
2279,152,1129
2280,152,1130
2281,153,1146
2282,153,1147
2283,153,1148
2284,153,1149
2285,153,1150
2286,153,1151
2287,153,1152
2288,153,1153
2289,153,1154
2290,153,1155
2291,153,1141
2292,153,1142
2293,153,1143
2294,153,1144
2295,153,1145
2296,154,1146
2297,154,1147
2298,154,1148
2299,154,1149
2300,154,1150
2301,154,1151
2302,154,1152
2303,154,1153
2304,154,1154
2305,154,1155
2306,154,1141
2307,154,1142
2308,154,1143
2309,154,1144
2310,154,1145
2311,155,1161
2312,155,1162
2313,155,1163
2314,155,1164
2315,155,1165
2316,155,1166
2317,155,1167
2318,155,1168
2319,155,1169
2320,155,1170
2321,155,1156
2322,155,1157
2323,155,1158
2324,155,1159
2325,155,1160
2326,156,1161
2327,156,1162
2328,156,1163
2329,156,1164
2330,156,1165
2331,156,1166
2332,156,1167
2333,156,1168
2334,156,1169
2335,156,1170
2336,156,1156
2337,156,1157
2338,156,1158
2339,156,1159
2340,156,1160
2341,157,1176
2342,157,1177
2343,157,1178
2344,157,1179
2345,157,1180
2346,157,1181
2347,157,1182
2348,157,1183
2349,157,1184
2350,157,1185
2351,157,1171
2352,157,1172
2353,157,1173
2354,157,1174
2355,157,1175
2356,158,1176
2357,158,1177
2358,158,1178
2359,158,1179
2360,158,1180
2361,158,1181
2362,158,1182
2363,158,1183
2364,158,1184
2365,158,1185
2366,158,1171
2367,158,1172
2368,158,1173
2369,158,1174
2370,158,1175
2371,159,1191
2372,159,1192
2373,159,1193
2374,159,1194
2375,159,1195
2376,159,1196
2377,159,1197
2378,159,1198
2379,159,1199
2380,159,1200
2381,159,1186
2382,159,1187
2383,159,1188
2384,159,1189
2385,159,1190
2386,160,1191
2387,160,1192
2388,160,1193
2389,160,1194
2390,160,1195
2391,160,1196
2392,160,1197
2393,160,1198
2394,160,1199
2395,160,1200
2396,160,1186
2397,160,1187
2398,160,1188
2399,160,1189
2400,160,1190
2401,161,1206
2402,161,1207
2403,161,1208
2404,161,1209
2405,161,1210
2406,161,1211
2407,161,1212
2408,161,1213
2409,161,1214
2410,161,1215
2411,161,1201
2412,161,1202
2413,161,1203
2414,161,1204
2415,161,1205
2416,162,1206
2417,162,1207
2418,162,1208
2419,162,1209
2420,162,1210
2421,162,1211
2422,162,1212
2423,162,1213
2424,162,1214
2425,162,1215
2426,162,1201
2427,162,1202
2428,162,1203
2429,162,1204
2430,162,1205
2431,163,1221
2432,163,1222
2433,163,1223
2434,163,1224
2435,163,1225
2436,163,1226
2437,163,1227
2438,163,1228
2439,163,1229
2440,163,1230
2441,163,1216
2442,163,1217
2443,163,1218
2444,163,1219
2445,163,1220
2446,164,1221
2447,164,1222
2448,164,1223
2449,164,1224
2450,164,1225
2451,164,1226
2452,164,1227
2453,164,1228
2454,164,1229
2455,164,1230
2456,164,1216
2457,164,1217
2458,164,1218
2459,164,1219
2460,164,1220
2461,165,1236
2462,165,1237
2463,165,1238
2464,165,1239
2465,165,1240
2466,165,1241
2467,165,1242
2468,165,1243
2469,165,1244
2470,165,1245
2471,165,1231
2472,165,1232
2473,165,1233
2474,165,1234
2475,165,1235
2476,166,1236
2477,166,1237
2478,166,1238
2479,166,1239
2480,166,1240
2481,166,1241
2482,166,1242
2483,166,1243
2484,166,1244
2485,166,1245
2486,166,1231
2487,166,1232
2488,166,1233
2489,166,1234
2490,166,1235
2491,167,1251
2492,167,1252
2493,167,1253
2494,167,1254
2495,167,1255
2496,167,1256
2497,167,1257
2498,167,1258
2499,167,1259
2500,167,1260
2501,167,1246
2502,167,1247
2503,167,1248
2504,167,1249
2505,167,1250
2506,168,1251
2507,168,1252
2508,168,1253
2509,168,1254
2510,168,1255
2511,168,1256
2512,168,1257
2513,168,1258
2514,168,1259
2515,168,1260
2516,168,1246
2517,168,1247
2518,168,1248
2519,168,1249
2520,168,1250
2521,169,1266
2522,169,1267
2523,169,1268
2524,169,1269
2525,169,1270
2526,169,1271
2527,169,1272
2528,169,1273
2529,169,1274
2530,169,1275
2531,169,1261
2532,169,1262
2533,169,1263
2534,169,1264
2535,169,1265
2536,170,1266
2537,170,1267
2538,170,1268
2539,170,1269
2540,170,1270
2541,170,1271
2542,170,1272
2543,170,1273
2544,170,1274
2545,170,1275
2546,170,1261
2547,170,1262
2548,170,1263
2549,170,1264
2550,170,1265
2551,171,1281
2552,171,1282
2553,171,1283
2554,171,1284
2555,171,1285
2556,171,1286
2557,171,1287
2558,171,1288
2559,171,1289
2560,171,1290
2561,171,1276
2562,171,1277
2563,171,1278
2564,171,1279
2565,171,1280
2566,172,1281
2567,172,1282
2568,172,1283
2569,172,1284
2570,172,1285
2571,172,1286
2572,172,1287
2573,172,1288
2574,172,1289
2575,172,1290
2576,172,1276
2577,172,1277
2578,172,1278
2579,172,1279
2580,172,1280
2581,173,1296
2582,173,1297
2583,173,1298
2584,173,1299
2585,173,1300
2586,173,1301
2587,173,1302
2588,173,1303
2589,173,1304
2590,173,1305
2591,173,1291
2592,173,1292
2593,173,1293
2594,173,1294
2595,173,1295
2596,174,1296
2597,174,1297
2598,174,1298
2599,174,1299
2600,174,1300
2601,174,1301
2602,174,1302
2603,174,1303
2604,174,1304
2605,174,1305
2606,174,1291
2607,174,1292
2608,174,1293
2609,174,1294
2610,174,1295
2611,175,1311
2612,175,1312
2613,175,1313
2614,175,1314
2615,175,1315
2616,175,1316
2617,175,1317
2618,175,1318
2619,175,1319
2620,175,1320
2621,175,1306
2622,175,1307
2623,175,1308
2624,175,1309
2625,175,1310
2626,176,1311
2627,176,1312
2628,176,1313
2629,176,1314
2630,176,1315
2631,176,1316
2632,176,1317
2633,176,1318
2634,176,1319
2635,176,1320
2636,176,1306
2637,176,1307
2638,176,1308
2639,176,1309
2640,176,1310
2641,177,1326
2642,177,1327
2643,177,1328
2644,177,1329
2645,177,1330
2646,177,1331
2647,177,1332
2648,177,1333
2649,177,1334
2650,177,1335
2651,177,1321
2652,177,1322
2653,177,1323
2654,177,1324
2655,177,1325
2656,178,1326
2657,178,1327
2658,178,1328
2659,178,1329
2660,178,1330
2661,178,1331
2662,178,1332
2663,178,1333
2664,178,1334
2665,178,1335
2666,178,1321
2667,178,1322
2668,178,1323
2669,178,1324
2670,178,1325
2671,179,1341
2672,179,1342
2673,179,1343
2674,179,1344
2675,179,1345
2676,179,1346
2677,179,1347
2678,179,1348
2679,179,1349
2680,179,1350
2681,179,1336
2682,179,1337
2683,179,1338
2684,179,1339
2685,179,1340
2686,180,1341
2687,180,1342
2688,180,1343
2689,180,1344
2690,180,1345
2691,180,1346
2692,180,1347
2693,180,1348
2694,180,1349
2695,180,1350
2696,180,1336
2697,180,1337
2698,180,1338
2699,180,1339
2700,180,1340
2701,181,1356
2702,181,1357
2703,181,1358
2704,181,1359
2705,181,1360
2706,181,1361
2707,181,1362
2708,181,1363
2709,181,1364
2710,181,1365
2711,181,1351
2712,181,1352
2713,181,1353
2714,181,1354
2715,181,1355
2716,182,1356
2717,182,1357
2718,182,1358
2719,182,1359
2720,182,1360
2721,182,1361
2722,182,1362
2723,182,1363
2724,182,1364
2725,182,1365
2726,182,1351
2727,182,1352
2728,182,1353
2729,182,1354
2730,182,1355
2731,183,1371
2732,183,1372
2733,183,1373
2734,183,1374
2735,183,1375
2736,183,1376
2737,183,1377
2738,183,1378
2739,183,1379
2740,183,1380
2741,183,1366
2742,183,1367
2743,183,1368
2744,183,1369
2745,183,1370
2746,184,1371
2747,184,1372
2748,184,1373
2749,184,1374
2750,184,1375
2751,184,1376
2752,184,1377
2753,184,1378
2754,184,1379
2755,184,1380
2756,184,1366
2757,184,1367
2758,184,1368
2759,184,1369
2760,184,1370
2761,185,1386
2762,185,1387
2763,185,1388
2764,185,1389
2765,185,1390
2766,185,1391
2767,185,1392
2768,185,1393
2769,185,1394
2770,185,1395
2771,185,1381
2772,185,1382
2773,185,1383
2774,185,1384
2775,185,1385
2776,186,1386
2777,186,1387
2778,186,1388
2779,186,1389
2780,186,1390
2781,186,1391
2782,186,1392
2783,186,1393
2784,186,1394
2785,186,1395
2786,186,1381
2787,186,1382
2788,186,1383
2789,186,1384
2790,186,1385
2791,187,1401
2792,187,1402
2793,187,1403
2794,187,1404
2795,187,1405
2796,187,1406
2797,187,1407
2798,187,1408
2799,187,1409
2800,187,1410
2801,187,1396
2802,187,1397
2803,187,1398
2804,187,1399
2805,187,1400
2806,188,1401
2807,188,1402
2808,188,1403
2809,188,1404
2810,188,1405
2811,188,1406
2812,188,1407
2813,188,1408
2814,188,1409
2815,188,1410
2816,188,1396
2817,188,1397
2818,188,1398
2819,188,1399
2820,188,1400
2821,189,1416
2822,189,1417
2823,189,1418
2824,189,1419
2825,189,1420
2826,189,1421
2827,189,1422
2828,189,1423
2829,189,1424
2830,189,1425
2831,189,1411
2832,189,1412
2833,189,1413
2834,189,1414
2835,189,1415
2836,190,1416
2837,190,1417
2838,190,1418
2839,190,1419
2840,190,1420
2841,190,1421
2842,190,1422
2843,190,1423
2844,190,1424
2845,190,1425
2846,190,1411
2847,190,1412
2848,190,1413
2849,190,1414
2850,190,1415
2851,191,1431
2852,191,1432
2853,191,1433
2854,191,1434
2855,191,1435
2856,191,1436
2857,191,1437
2858,191,1438
2859,191,1439
2860,191,1440
2861,191,1426
2862,191,1427
2863,191,1428
2864,191,1429
2865,191,1430
2866,192,1431
2867,192,1432
2868,192,1433
2869,192,1434
2870,192,1435
2871,192,1436
2872,192,1437
2873,192,1438
2874,192,1439
2875,192,1440
2876,192,1426
2877,192,1427
2878,192,1428
2879,192,1429
2880,192,1430
2881,193,1446
2882,193,1447
2883,193,1448
2884,193,1449
2885,193,1450
2886,193,1451
2887,193,1452
2888,193,1453
2889,193,1454
2890,193,1455
2891,193,1441
2892,193,1442
2893,193,1443
2894,193,1444
2895,193,1445
2896,194,1446
2897,194,1447
2898,194,1448
2899,194,1449
2900,194,1450
2901,194,1451
2902,194,1452
2903,194,1453
2904,194,1454
2905,194,1455
2906,194,1441
2907,194,1442
2908,194,1443
2909,194,1444
2910,194,1445
